Number of Servers (n),Average Wait Time
10,0.6337456832783495
100,0.005214544800251891
500,0.0007230071818513526
1000,0.00030361580782789754
1500,0.00019593765985420272
2000,0.00014766140851764088
2500,0.0001159359304012629
3000,8.892250468397087e-05
